City_ID,City,Country,Date,Lat,Lng,Max Temp,Humidity,Cloudiness,Wind Speed
0,Bilibino,RU,2022-10-10 20:48:19,68.0546,166.4372,11.55,96,100,4.47
1,Clyde River,CA,2022-10-10 20:48:20,70.4692,-68.5914,19.63,79,40,16.11
2,Souillac,MU,2022-10-10 20:48:20,-20.5167,57.5167,71.98,78,40,6.91
3,Rikitea,PF,2022-10-10 20:48:21,-23.1203,-134.9692,72.19,73,2,9.57
4,Nome,US,2022-10-10 20:48:21,64.5011,-165.4064,30.27,80,100,3.44
5,Tasiilaq,GL,2022-10-10 20:48:22,65.6145,-37.6368,33.96,98,100,15.35
6,Arraial Do Cabo,BR,2022-10-10 20:48:22,-22.9661,-42.0278,75.06,83,40,4.61
7,Castro,BR,2022-10-10 20:47:15,-24.7911,-50.0119,57.4,97,100,9.06
8,Vestmannaeyjar,IS,2022-10-10 20:48:23,63.4427,-20.2734,38.82,58,96,3.09
9,Hilo,US,2022-10-10 20:45:51,19.7297,-155.09,88.29,72,40,8.01
10,Kaitangata,NZ,2022-10-10 20:48:23,-46.2817,169.8464,47.28,87,98,11.34
11,Longyearbyen,SJ,2022-10-10 20:48:24,78.2186,15.6401,33.64,75,100,3.44
12,New Norfolk,AU,2022-10-10 20:48:24,-42.7826,147.0587,48.56,83,13,1.72
13,Bredasdorp,ZA,2022-10-10 20:48:25,-34.5322,20.0403,63.97,66,96,3.44
14,Ancud,CL,2022-10-10 20:45:47,-41.8697,-73.8203,50.4,65,9,7.83
15,Leningradskiy,RU,2022-10-10 20:48:26,69.3833,178.4167,21.33,70,100,21.23
16,Albany,US,2022-10-10 20:47:12,42.6001,-73.9662,59.23,81,67,5.91
17,Lasa,IT,2022-10-10 20:48:26,46.6166,10.7002,56.28,88,84,3.2
18,Olga,RU,2022-10-10 20:48:27,43.7444,135.2892,43.27,93,21,5.84
19,Atuona,PF,2022-10-10 20:48:27,-9.8,-139.0333,76.51,69,12,13.06
20,Mar Del Plata,AR,2022-10-10 20:48:28,-38.0023,-57.5575,53.94,75,0,18.99
21,Norman Wells,CA,2022-10-10 20:45:48,65.282,-126.8329,32.04,100,100,28.77
22,Grand Gaube,MU,2022-10-10 20:48:28,-20.0064,57.6608,72.0,73,14,3.0
23,Barrow,US,2022-10-10 20:48:29,71.2906,-156.7887,23.02,86,0,14.97
24,Butaritari,KI,2022-10-10 20:48:29,3.0707,172.7902,82.0,73,95,13.27
25,Bambous Virieux,MU,2022-10-10 20:48:30,-20.3428,57.7575,71.85,78,40,6.91
26,Boshnyakovo,RU,2022-10-10 20:48:30,49.6333,142.1667,47.84,84,100,17.74
27,Tiarei,PF,2022-10-10 20:48:31,-17.5333,-149.3333,80.62,78,21,15.3
28,Mareeba,AU,2022-10-10 20:48:31,-17.0,145.4333,72.32,92,11,2.51
29,Cape Town,ZA,2022-10-10 20:44:15,-33.9258,18.4232,70.38,67,0,3.0
30,Vaini,TO,2022-10-10 20:45:55,-21.2,-175.2,75.36,83,40,19.57
31,Kudahuvadhoo,MV,2022-10-10 20:48:32,2.6708,72.8944,81.21,79,35,20.27
32,Gamba,GA,2022-10-10 20:48:32,-2.65,10.0,76.57,88,89,4.92
33,Mehamn,NO,2022-10-10 20:48:33,71.0357,27.8492,40.95,75,0,4.61
34,Cherskiy,RU,2022-10-10 20:46:00,68.75,161.3,17.17,95,100,12.35
35,Hobart,AU,2022-10-10 20:47:18,-42.8794,147.3294,48.9,92,40,8.05
36,Ciudad Bolivar,VE,2022-10-10 20:48:34,8.1222,-63.5497,87.98,56,87,8.72
37,Hobyo,SO,2022-10-10 20:48:34,5.3505,48.5268,77.34,87,61,22.24
38,Yarmouth,US,2022-10-10 20:48:34,41.7057,-70.2286,62.98,65,75,11.01
39,Punta Arenas,CL,2022-10-10 20:45:48,-53.15,-70.9167,53.71,43,40,32.21
40,Pevek,RU,2022-10-10 20:46:05,69.7008,170.3133,25.45,82,100,26.22
41,Sayyan,YE,2022-10-10 20:49:36,15.1718,44.3244,57.49,36,32,7.96
42,Nouadhibou,MR,2022-10-10 20:49:36,20.931,-17.0347,73.38,78,16,12.66
43,Chuy,UY,2022-10-10 20:47:28,-33.6971,-53.4616,54.23,62,6,8.12
44,Tuktoyaktuk,CA,2022-10-10 20:45:57,69.4541,-133.0374,30.2,86,100,20.71
45,Mataura,NZ,2022-10-10 20:45:49,-46.1927,168.8643,44.89,96,99,6.24
46,Ambulu,ID,2022-10-10 20:49:37,-8.345,113.6058,75.72,92,100,1.68
47,Victoria,HK,2022-10-10 20:46:40,22.2855,114.1577,73.33,45,3,15.01
48,Ushuaia,AR,2022-10-10 20:43:52,-54.8,-68.3,47.86,61,75,19.57
49,Mount Gambier,AU,2022-10-10 20:49:38,-37.8333,140.7667,55.17,59,95,12.39
50,Si Sa Ket,TH,2022-10-10 20:49:39,14.8333,104.3333,69.58,86,95,8.57
51,Alice Springs,AU,2022-10-10 20:49:39,-23.7,133.8833,69.35,17,90,12.66
52,Micheweni,TZ,2022-10-10 20:49:40,-4.9667,39.8333,74.73,80,9,12.46
53,Camacupa,AO,2022-10-10 20:49:40,-12.0167,17.4833,68.43,22,89,0.49
54,Magsaysay,PH,2022-10-10 20:49:40,6.7667,125.1833,73.17,94,15,3.83
55,Ajdabiya,LY,2022-10-10 20:49:41,30.7554,20.2263,70.11,55,66,7.23
56,Tual,ID,2022-10-10 20:49:41,-5.6667,132.75,82.99,76,99,13.38
57,Saint-Philippe,RE,2022-10-10 20:49:42,-21.3585,55.7679,71.19,81,22,8.97
58,Tiksi,RU,2022-10-10 20:49:42,71.6872,128.8694,12.54,85,99,13.96
59,Goundam,ML,2022-10-10 20:45:48,16.4145,-3.6708,95.54,13,8,15.14
60,Pingliang,CN,2022-10-10 20:49:43,35.5392,106.6861,38.66,65,1,2.35
61,Sabang,ID,2022-10-10 20:49:44,5.8933,95.3214,81.03,76,100,15.19
62,Le Mars,US,2022-10-10 20:49:44,42.7942,-96.1656,80.11,21,0,16.11
63,Girona,ES,2022-10-10 20:48:37,41.9831,2.8249,67.32,90,75,2.3
64,Busselton,AU,2022-10-10 20:47:25,-33.65,115.3333,53.01,66,98,10.54
65,Nanga Eboko,CM,2022-10-10 20:49:45,4.6833,12.3667,65.55,98,50,1.41
66,Cockburn Town,TC,2022-10-10 20:47:40,21.4612,-71.1419,84.16,70,40,12.66
67,Kirakira,SB,2022-10-10 20:49:45,-10.4544,161.9205,80.94,78,37,2.46
68,Port Alfred,ZA,2022-10-10 20:47:12,-33.5906,26.891,67.17,86,99,1.01
69,Berlevag,NO,2022-10-10 20:49:46,70.8578,29.0864,41.0,75,0,6.91
70,Los Llanos De Aridane,ES,2022-10-10 20:49:46,28.6585,-17.9182,67.75,83,20,8.05
71,Esna,EG,2022-10-10 20:49:47,25.2934,32.554,77.61,33,0,12.1
72,Henties Bay,NA,2022-10-10 20:49:47,-22.116,14.2845,60.48,90,84,0.49
73,Hadsund,DK,2022-10-10 20:49:48,56.7148,10.1168,48.94,82,33,16.08
74,Dikson,RU,2022-10-10 20:47:27,73.5069,80.5464,34.29,99,100,7.74
75,Stroud,GB,2022-10-10 20:49:48,51.75,-2.2,49.77,75,10,4.25
76,Hermanus,ZA,2022-10-10 20:47:16,-34.4187,19.2345,69.8,54,100,4.21
77,Paka,MY,2022-10-10 20:49:49,4.6374,103.4368,75.13,94,94,0.0
78,Yellowknife,CA,2022-10-10 20:41:43,62.456,-114.3525,54.12,58,75,13.8
79,Necochea,AR,2022-10-10 20:49:49,-38.5473,-58.7368,59.41,53,22,18.16
80,Tuatapere,NZ,2022-10-10 20:45:48,-46.1333,167.6833,47.07,84,100,10.6
81,Batemans Bay,AU,2022-10-10 20:49:50,-35.7167,150.1833,49.1,75,51,3.47
82,Hjelset,NO,2022-10-10 20:49:51,62.7833,7.4833,46.18,81,75,24.16
83,Dunedin,NZ,2022-10-10 20:49:51,-45.8742,170.5036,52.81,71,98,8.01
84,Itarema,BR,2022-10-10 20:49:51,-2.9248,-39.9167,79.39,76,44,17.25
85,Hithadhoo,MV,2022-10-10 20:49:52,-0.6,73.0833,80.78,78,97,17.09
86,Imeni Poliny Osipenko,RU,2022-10-10 20:49:52,52.4201,136.4853,30.34,79,100,8.88
87,Lagoa,PT,2022-10-10 20:50:53,39.05,-27.9833,70.05,87,81,6.71
88,Hualmay,PE,2022-10-10 20:50:53,-11.0964,-77.6139,66.15,74,50,11.79
89,Broome,US,2022-10-10 20:50:53,42.2506,-75.833,61.43,63,20,9.22
90,Santa Isabel Do Rio Negro,BR,2022-10-10 20:50:54,-0.4139,-65.0192,87.42,53,96,0.74
91,Bluff,NZ,2022-10-10 20:50:54,-46.6,168.3333,49.48,61,68,18.81
92,Nikolskoye,RU,2022-10-10 20:50:55,59.7035,30.7861,44.8,86,64,6.49
93,Aklavik,CA,2022-10-10 20:50:55,68.2191,-135.0107,32.47,85,100,16.51
94,Riyadh,SA,2022-10-10 20:47:43,24.6877,46.7219,77.14,13,3,6.96
95,Adrar,MR,2022-10-10 20:45:53,20.5022,-10.0711,92.23,20,25,10.6
96,Popondetta,PG,2022-10-10 20:50:56,-8.7537,148.2534,77.54,82,75,1.3
97,Harrisburg,US,2022-10-10 20:47:59,40.2737,-76.8844,69.94,44,0,8.05
98,Villablino,ES,2022-10-10 20:50:56,42.9393,-6.3194,55.18,90,88,2.86
99,Kapaa,US,2022-10-10 20:46:04,22.0752,-159.319,84.11,70,0,6.91
100,Saskylakh,RU,2022-10-10 20:50:57,71.9167,114.0833,9.68,94,45,9.22
101,Khatanga,RU,2022-10-10 20:50:57,71.9667,102.5,5.23,97,70,2.24
102,Arman,RU,2022-10-10 20:50:58,59.7,150.1667,24.17,82,45,5.84
103,Lebu,CL,2022-10-10 20:48:13,-37.6167,-73.65,51.15,74,2,20.27
104,Colares,PT,2022-10-10 20:50:58,38.7992,-9.4469,67.33,97,75,17.0
105,Gigmoto,PH,2022-10-10 20:50:59,13.7796,124.39,80.35,87,100,7.83
106,Giddalur,IN,2022-10-10 20:50:59,15.35,78.9167,73.47,96,98,3.36
107,Porto Novo,BJ,2022-10-10 20:51:00,6.4965,2.6036,80.42,84,93,4.61
108,Guaraniacu,BR,2022-10-10 20:51:00,-25.1008,-52.8781,63.7,99,98,3.36
109,Moerai,PF,2022-10-10 20:51:01,-22.4333,-151.3333,70.3,72,98,23.42
110,Lompoc,US,2022-10-10 20:49:38,34.6391,-120.4579,81.01,80,100,10.36
111,Kuloy,RU,2022-10-10 20:51:02,61.0305,42.4925,41.02,89,80,7.29
112,Carnarvon,AU,2022-10-10 20:49:04,-24.8667,113.6333,63.93,62,96,20.58
113,Port Elizabeth,ZA,2022-10-10 20:46:01,-33.918,25.5701,66.49,94,0,12.66
114,Novobessergenevka,RU,2022-10-10 20:51:03,47.1847,38.8462,53.83,80,40,15.79
115,Mahebourg,MU,2022-10-10 20:47:29,-20.4081,57.7,71.89,78,40,6.91
116,Port Hardy,CA,2022-10-10 20:41:40,50.6996,-127.4199,57.38,62,40,19.57
117,Newcastle,AU,2022-10-10 20:48:48,-32.9272,151.7765,62.71,79,75,4.61
118,Bambanglipuro,ID,2022-10-10 20:51:04,-7.95,110.2833,76.15,90,100,3.87
119,Kidal,ML,2022-10-10 20:51:05,18.4411,1.4078,88.05,14,9,11.92
120,Asau,RO,2022-10-10 20:51:05,46.4333,26.4,38.32,69,57,2.42
121,Herat,AF,2022-10-10 20:51:06,34.5,62.0,56.25,14,0,5.86
122,Stromness,GB,2022-10-10 20:51:07,58.965,-3.296,49.87,78,100,25.01
123,Chokurdakh,RU,2022-10-10 20:51:07,70.6333,147.9167,19.62,84,100,17.65
124,Jamestown,US,2022-10-10 20:51:07,42.097,-79.2353,62.06,46,0,11.5
125,Surt,LY,2022-10-10 20:51:08,31.2089,16.5887,74.43,61,22,14.27
126,Nanortalik,GL,2022-10-10 20:51:09,60.1432,-45.2371,37.33,94,100,5.3
127,Burgeo,CA,2022-10-10 20:51:09,47.6167,-57.6152,47.55,61,22,18.37
128,Marsh Harbour,BS,2022-10-10 20:51:10,26.5412,-77.0636,83.17,70,8,8.81
129,Airai,TL,2022-10-10 20:46:01,-8.9266,125.4092,60.87,82,100,2.1
130,Upernavik,GL,2022-10-10 20:51:11,72.7868,-56.1549,14.74,69,89,4.56
131,Hovd,MN,2022-10-10 20:51:11,48.0056,91.6419,37.74,54,69,3.71
132,Katsuura,JP,2022-10-10 20:51:12,35.1333,140.3,70.65,66,95,25.79
133,Palmer,US,2022-10-10 20:51:12,42.1584,-72.3287,64.45,67,75,6.91
134,Saldanha,ZA,2022-10-10 20:52:13,-33.0117,17.9442,68.05,78,100,10.94
135,Muyezerskiy,RU,2022-10-10 20:52:13,63.9333,31.65,44.91,91,84,12.41
136,Isangel,VU,2022-10-10 20:52:14,-19.55,169.2667,75.31,73,100,6.91
137,Roebourne,AU,2022-10-10 20:47:16,-20.7833,117.1333,76.35,27,51,9.17
138,Torbay,CA,2022-10-10 20:52:15,47.6666,-52.7314,51.39,60,20,20.71
139,Codrington,AU,2022-10-10 20:52:15,-38.2667,141.9667,51.57,74,98,11.32
140,Walvis Bay,NA,2022-10-10 20:52:15,-22.9575,14.5053,60.1,94,97,4.61
141,Martapura,ID,2022-10-10 20:52:16,-3.4167,114.85,75.29,100,100,3.44
142,Rairangpur,IN,2022-10-10 20:52:17,22.2676,86.1751,73.76,92,80,4.41
143,East London,ZA,2022-10-10 20:45:26,-33.0153,27.9116,68.27,85,100,17.56
144,Taoudenni,ML,2022-10-10 20:52:17,22.6783,-3.9836,93.74,18,33,8.86
145,Eureka,US,2022-10-10 20:52:04,40.8021,-124.1637,58.39,72,13,7.61
146,Qaanaaq,GL,2022-10-10 20:52:18,77.484,-69.3632,8.17,58,23,7.23
147,Sayat,TM,2022-10-10 20:52:19,38.7839,63.8803,55.27,21,0,7.31
148,Hasaki,JP,2022-10-10 20:52:19,35.7333,140.8333,74.21,66,98,27.2
149,Geraldton,AU,2022-10-10 20:47:13,-28.7667,114.6,46.81,87,97,2.3
150,Parabel,RU,2022-10-10 20:52:20,58.6978,81.4825,46.62,81,100,13.69
151,Purpe,RU,2022-10-10 20:52:20,64.4803,76.6897,37.15,90,83,19.93
152,Fayaoue,NC,2022-10-10 20:52:21,-20.65,166.5333,75.06,74,100,19.75
153,Cabo San Lucas,MX,2022-10-10 20:45:58,22.8909,-109.9124,94.6,55,0,8.05
154,Umm Lajj,SA,2022-10-10 20:52:22,25.0213,37.2685,82.72,59,0,8.84
155,Lamesa,US,2022-10-10 20:52:22,32.7376,-101.951,66.52,56,76,7.54
156,Maxixe,MZ,2022-10-10 20:52:23,-23.8597,35.3472,71.73,91,1,5.66
157,Pelym,RU,2022-10-10 20:52:23,61.0108,61.9978,40.21,76,6,7.83
158,Caceres,ES,2022-10-10 20:52:23,39.522,-6.3748,67.03,54,89,1.21
159,Barsovo,RU,2022-10-10 20:52:24,61.1667,73.1667,44.73,92,100,11.34
160,College,US,2022-10-10 20:52:24,64.8569,-147.8028,33.75,84,75,3.44
161,Poum,NC,2022-10-10 20:52:25,-20.2333,164.0167,77.18,74,100,22.95
162,Ponta Do Sol,PT,2022-10-10 20:52:25,32.6667,-17.1,74.01,77,58,6.87
163,Bethel,US,2022-10-10 20:52:26,41.3712,-73.414,65.8,58,100,5.75
164,Butterworth,MY,2022-10-10 20:52:26,5.3991,100.3638,81.34,88,20,2.3
165,Balikpapan,ID,2022-10-10 20:52:27,-1.2675,116.8289,76.19,100,40,5.75
166,Severo-Kurilsk,RU,2022-10-10 20:52:27,50.6789,156.125,46.53,84,100,12.5
167,Igrim,RU,2022-10-10 20:52:27,63.1906,64.4162,39.43,77,12,12.01
168,Pitmoaga,BF,2022-10-10 20:52:28,12.2397,-1.8767,78.42,52,63,5.53
169,Tomatlan,MX,2022-10-10 20:52:28,19.9333,-105.25,90.95,50,87,5.5
170,Kiboga,UG,2022-10-10 20:52:29,0.9161,31.7742,61.68,98,74,1.83
171,Alofi,NU,2022-10-10 20:52:30,-19.0595,-169.9187,78.69,89,75,10.36
172,Tiznit,MA,2022-10-10 20:52:30,29.5833,-9.5,64.96,75,5,3.67
173,Hofn,IS,2022-10-10 20:52:30,64.2539,-15.2082,33.44,60,35,10.49
174,Varhaug,NO,2022-10-10 20:52:31,58.6147,5.6457,50.49,74,71,23.09
175,Cap Malheureux,MU,2022-10-10 20:52:31,-19.9842,57.6142,68.47,73,13,4.0
176,Thompson,CA,2022-10-10 20:52:32,55.7435,-97.8558,69.96,37,20,13.8
177,Anloga,GH,2022-10-10 20:52:32,5.7947,0.8973,79.02,83,53,8.37
178,Saint Anthony,US,2022-10-10 20:52:33,45.0205,-93.218,72.48,37,0,11.5
179,Santiago De Cao,PE,2022-10-10 20:52:33,-7.9589,-79.2392,64.53,72,39,14.97
180,Bathsheba,BB,2022-10-10 20:52:33,13.2167,-59.5167,86.61,74,40,18.41
181,Narsaq,GL,2022-10-10 20:53:34,60.9167,-46.05,34.75,99,100,5.99
182,Mirzapur,IN,2022-10-10 20:53:34,25.15,82.5833,75.67,91,100,0.63
183,Itoman,JP,2022-10-10 20:53:35,26.1247,127.6694,73.42,58,75,21.85
184,Reforma,MX,2022-10-10 20:53:35,18.1,-91.0167,73.29,97,100,11.21
185,Faanui,PF,2022-10-10 20:53:36,-16.4833,-151.75,78.03,75,31,18.59
186,Latung,PH,2022-10-10 20:53:36,5.5,120.8833,83.1,78,97,16.62
187,Kendari,ID,2022-10-10 20:53:37,-3.945,122.4989,73.9,95,40,4.43
188,George,ZA,2022-10-10 20:53:37,-33.963,22.4617,62.15,82,100,11.5
189,Nagai,JP,2022-10-10 20:53:37,38.1036,140.035,56.08,94,99,4.61
190,Chifeng,CN,2022-10-10 20:53:38,42.2683,118.9636,36.59,37,0,5.79
191,Moscow,RU,2022-10-10 20:53:17,55.7522,37.6156,44.38,75,12,5.93
192,Nyimba,ZM,2022-10-10 20:53:39,-14.5566,30.8149,79.18,30,4,12.3
193,Mnogovershinnyy,RU,2022-10-10 20:53:39,53.9353,139.9242,32.07,92,100,3.13
194,La Rioja,ES,2022-10-10 20:53:40,42.25,-2.5,55.18,69,100,1.32
195,Abu Samrah,SY,2022-10-10 20:53:40,35.3029,37.1841,69.03,59,0,3.6
196,La Baule-Escoublac,FR,2022-10-10 20:53:41,47.2922,-2.364,62.71,86,100,10.36
197,Lata,PT,2022-10-10 20:53:41,40.1629,-8.3327,63.91,95,50,1.81
198,Haines Junction,CA,2022-10-10 20:53:42,60.7522,-137.5108,39.15,75,100,1.14
199,Balkanabat,TM,2022-10-10 20:53:42,39.5108,54.3671,72.86,19,37,2.21
200,Bereda,ES,2022-10-10 20:53:42,43.2686,-7.5406,60.42,100,80,3.33
201,Balta,UA,2022-10-10 20:53:43,47.9355,29.6198,45.7,67,0,5.99
202,Marsala,IT,2022-10-10 20:53:43,37.7966,12.4352,69.75,78,20,3.44
203,Avarua,CK,2022-10-10 20:53:44,-21.2078,-159.775,77.05,73,20,26.46
204,Vangaindrano,MG,2022-10-10 20:53:44,-23.35,47.6,65.53,89,1,7.78
205,Lebanon,US,2022-10-10 20:53:01,36.2081,-86.2911,76.26,33,0,0.0
206,Ambon,ID,2022-10-10 20:53:45,-3.6954,128.1814,75.34,100,40,6.91
207,Greenville,US,2022-10-10 20:53:45,35.6127,-77.3663,73.56,56,75,0.0
208,Broken Hill,AU,2022-10-10 20:53:46,-31.95,141.4333,59.2,38,100,11.18
209,Cabra,ES,2022-10-10 20:53:46,37.4725,-4.4421,66.51,51,45,4.23
210,Tarko-Sale,RU,2022-10-10 20:53:46,64.9225,77.785,38.7,85,82,20.89
211,Yulara,AU,2022-10-10 20:53:47,-25.2406,130.9889,67.19,26,100,6.13
212,Acarau,BR,2022-10-10 20:53:47,-2.8856,-40.12,79.99,74,45,18.99
213,Kyzyl-Suu,KG,2022-10-10 20:53:48,42.3414,78.0056,40.62,43,0,6.44
214,Guerrero Negro,MX,2022-10-10 20:53:48,27.9769,-114.0611,75.69,67,16,14.16
215,Shirokiy,RU,2022-10-10 20:53:49,49.758,129.523,30.74,60,2,11.83
216,Casas Grandes,MX,2022-10-10 20:53:49,30.3667,-107.95,72.45,39,32,5.95
217,Teya,RU,2022-10-10 20:53:50,60.3778,92.6267,40.69,95,100,8.75
218,Tecoanapa,MX,2022-10-10 20:53:50,16.5167,-98.75,85.62,69,98,7.36
219,Touba,CI,2022-10-10 20:53:51,8.2833,-7.6833,71.69,90,84,1.36
220,Vanimo,PG,2022-10-10 20:53:51,-2.6741,141.3028,77.4,90,100,5.17
221,Port Lincoln,AU,2022-10-10 20:53:52,-34.7333,135.8667,64.63,37,99,14.81
222,Boda,CF,2022-10-10 20:53:52,4.3189,17.4695,68.83,96,100,1.25
223,Gopalganj,IN,2022-10-10 20:53:53,26.4667,84.4333,73.11,82,61,6.73
224,Klaksvik,FO,2022-10-10 20:53:53,62.2266,-6.589,41.92,75,100,28.19
225,Gushi,CN,2022-10-10 20:54:53,34.6425,109.5843,47.73,45,0,2.01
226,Touros,BR,2022-10-10 20:54:54,-5.1989,-35.4608,78.21,79,7,16.13
227,Saint-Prosper,CA,2022-10-10 20:54:54,46.2117,-70.4811,46.71,56,79,7.87
228,Kodiak,US,2022-10-10 20:54:55,57.79,-152.4072,50.49,77,96,12.26
229,Grindavik,IS,2022-10-10 20:54:56,63.8424,-22.4338,37.87,65,100,9.22
230,Teeli,RU,2022-10-10 20:54:56,51.0333,90.2333,33.6,71,36,2.1
231,Lieksa,FI,2022-10-10 20:54:56,63.3167,30.0167,47.75,87,25,15.97
232,Atar,MR,2022-10-10 20:54:57,20.5169,-13.0499,94.6,21,70,5.82
233,Tamala,RU,2022-10-10 20:54:57,52.541,43.2515,48.83,92,100,14.29
234,Karoi,ZW,2022-10-10 20:54:58,-16.8099,29.6925,70.61,31,0,9.44
235,Kavieng,PG,2022-10-10 20:54:58,-2.5744,150.7967,81.46,71,11,8.41
236,Lazaro Cardenas,MX,2022-10-10 20:54:58,17.9583,-102.2,86.7,64,100,10.02
237,Georgetown,MY,2022-10-10 20:54:59,5.4112,100.3354,81.23,87,20,2.3
238,Susehri,TR,2022-10-10 20:54:59,40.1644,38.0867,51.17,84,51,2.98
239,Asosa,ET,2022-10-10 20:55:00,10.0667,34.5333,60.08,91,100,3.69
240,Thap Than,TH,2022-10-10 20:55:00,15.4606,99.8917,71.85,91,100,2.39
241,Stornoway,GB,2022-10-10 20:55:01,58.2093,-6.3865,46.92,86,97,10.36
242,Porto-Vecchio,FR,2022-10-10 20:55:01,41.591,9.2795,64.06,88,0,8.05
243,Gualeguaychu,AR,2022-10-10 20:55:03,-33.0094,-58.5172,67.89,34,14,13.22
244,Dingle,PH,2022-10-10 20:55:04,10.9995,122.6711,74.57,91,50,1.1
245,Akdepe,TM,2022-10-10 20:55:05,42.0551,59.3788,55.49,21,0,10.67
246,Talnakh,RU,2022-10-10 20:52:38,69.4865,88.3972,36.21,99,100,6.8
247,Mogadishu,SO,2022-10-10 20:55:05,2.0371,45.3438,77.09,82,6,16.51
248,Bellmead,US,2022-10-10 20:55:06,31.594,-97.1089,90.27,29,40,5.75
249,Conde,BR,2022-10-10 20:55:06,-7.2597,-34.9075,80.06,74,40,17.27
250,Ponta Pora,BR,2022-10-10 20:55:07,-22.5361,-55.7256,66.11,77,100,2.3
251,Westport,US,2022-10-10 20:43:42,41.1415,-73.3579,68.56,51,0,11.5
252,Marathon,US,2022-10-10 20:55:09,44.9,-89.7668,63.64,54,41,1.01
253,Phuket,TH,2022-10-10 20:55:10,8.0,98.25,84.13,89,20,1.14
254,Fortuna,US,2022-10-10 20:50:29,40.5982,-124.1573,58.12,94,100,10.36
255,Araouane,ML,2022-10-10 20:55:11,18.9048,-3.5265,94.8,13,14,4.76
256,Bemidji,US,2022-10-10 20:51:58,47.4736,-94.8803,67.17,41,0,9.22
257,Rawson,AR,2022-10-10 20:45:51,-43.3002,-65.1023,70.93,21,6,10.49
258,Ahipara,NZ,2022-10-10 20:55:12,-35.1667,173.1667,62.94,64,57,3.27
259,Dryden,CA,2022-10-10 20:55:13,49.7833,-92.7503,57.49,54,0,14.97
260,Margate,GB,2022-10-10 20:47:25,51.3813,1.3862,55.69,67,5,1.99
261,Alyangula,AU,2022-10-10 20:55:13,-13.8483,136.4192,76.87,94,100,3.44
262,Adre,TD,2022-10-10 20:55:14,13.4667,22.2,82.36,32,37,3.67
263,Vila Velha,BR,2022-10-10 20:46:03,-20.3297,-40.2925,78.75,83,75,17.27
264,Plettenberg Bay,ZA,2022-10-10 20:56:14,-34.0527,23.3716,67.91,67,100,4.0
265,Havoysund,NO,2022-10-10 20:56:15,70.9963,24.6622,46.63,79,100,13.56
266,Uspenka,UA,2022-10-10 20:56:15,48.3903,39.1619,51.67,87,76,7.94
267,Tambovka,RU,2022-10-10 20:56:15,50.0969,128.0489,28.99,63,10,7.4
268,Nicoya,CR,2022-10-10 20:56:16,10.1483,-85.452,81.81,76,83,3.15
269,Bonanza,NI,2022-10-10 20:56:16,14.0289,-84.591,77.2,97,100,2.64
270,Puerto Ayora,EC,2022-10-10 20:47:23,-0.7393,-90.3518,76.96,87,65,7.0
271,Marsaxlokk,MT,2022-10-10 20:56:17,35.8419,14.5431,70.09,88,0,2.3
272,Catuday,PH,2022-10-10 20:56:17,16.2923,119.8062,78.33,79,65,6.67
273,Kachiry,KZ,2022-10-10 20:56:18,53.0675,76.1036,45.81,65,50,12.19
274,San Juan,AR,2022-10-10 20:53:49,-31.5375,-68.5364,72.3,12,0,4.79
275,Honiara,SB,2022-10-10 20:56:19,-9.4333,159.95,81.57,76,8,2.04
276,Lesosibirsk,RU,2022-10-10 20:56:20,58.2358,92.4828,43.75,84,100,8.84
277,Remontnoye,RU,2022-10-10 20:56:20,46.5614,43.6501,58.57,78,99,15.5
278,Ribeira Grande,PT,2022-10-10 20:47:26,38.5167,-28.7,72.0,88,20,3.44
279,Laguna,US,2022-10-10 20:56:21,38.421,-121.4238,92.32,34,0,8.05
280,Saint George,US,2022-10-10 20:56:21,37.1041,-113.5841,85.42,24,3,1.99
281,Hazorasp,UZ,2022-10-10 20:56:22,41.3194,61.0742,48.04,21,1,11.83
282,Cayenne,GF,2022-10-10 20:56:22,4.9333,-52.3333,84.24,79,75,11.5
283,Ambagarh Chauki,IN,2022-10-10 20:56:23,20.7833,80.7167,72.82,94,96,6.26
284,Lingao,CN,2022-10-10 20:56:23,19.9103,109.6859,73.71,75,89,7.87
285,Erenhot,CN,2022-10-10 20:56:24,43.6475,111.9767,40.26,18,3,8.23
286,Lorengau,PG,2022-10-10 20:47:29,-2.0226,147.2712,80.56,67,78,6.13
287,Wladyslawowo,PL,2022-10-10 20:56:24,54.7909,18.4009,53.94,54,100,17.29
288,Kahului,US,2022-10-10 20:56:25,20.8947,-156.47,86.97,80,6,8.01
289,Orzhytsya,UA,2022-10-10 20:56:25,49.7918,32.7012,46.02,74,46,12.57
290,Keuruu,FI,2022-10-10 20:56:26,62.2667,24.7,50.81,73,100,13.4
291,Urumqi,CN,2022-10-10 20:56:26,43.801,87.6005,47.35,57,0,2.24
292,Binghamton,US,2022-10-10 20:56:26,42.0987,-75.918,61.68,66,85,4.0
293,Santa Marinella,IT,2022-10-10 20:56:27,42.0345,11.8536,66.54,83,92,4.0
294,Khvoynaya,RU,2022-10-10 20:56:27,58.9,34.5333,39.36,91,98,4.68
295,Puerto Del Rosario,ES,2022-10-10 20:56:28,28.5004,-13.8627,73.15,73,40,13.8
296,Krasnoselkup,RU,2022-10-10 20:56:28,65.7,82.4667,39.9,98,100,9.33
297,Nizhnevartovsk,RU,2022-10-10 20:56:29,60.9344,76.5531,44.62,100,100,4.47
298,Flinders,AU,2022-10-10 20:56:29,-34.5833,150.8552,56.17,89,93,3.0
299,Sotnikovo,RU,2022-10-10 20:56:29,51.8845,107.4791,23.09,80,83,0.0
300,Tottori,JP,2022-10-10 20:56:30,35.5,134.2333,54.19,77,80,9.78
301,Lyubymivka,UA,2022-10-10 20:56:30,46.8106,33.5686,52.18,63,29,15.57
302,Fairbanks,US,2022-10-10 20:56:01,64.8378,-147.7164,33.22,87,40,0.0
303,Hami,CN,2022-10-10 20:56:31,42.8,93.45,52.57,24,18,13.4
304,Balkhash,KZ,2022-10-10 20:56:31,46.844,74.9804,44.49,64,0,10.42
305,Sarkand,KZ,2022-10-10 20:56:32,45.41,79.9186,38.3,55,0,3.94
306,Husavik,IS,2022-10-10 20:47:23,66.0449,-17.3389,22.62,89,87,9.89
307,Jiazi,CN,2022-10-10 20:56:32,22.8779,116.067,69.19,57,74,15.08
308,Laurel,US,2022-10-10 20:53:03,39.0993,-76.8483,71.22,42,0,4.61
309,Balabac,PH,2022-10-10 20:56:33,7.9868,117.0645,79.9,83,100,9.53
310,Salalah,OM,2022-10-10 20:57:33,17.0151,54.0924,77.54,59,21,2.28
311,Boromo,BF,2022-10-10 20:57:34,11.75,-2.9333,77.16,68,75,5.64
312,Ferme-Neuve,CA,2022-10-10 20:57:34,46.7001,-75.4493,47.91,48,79,5.14
313,Trincomalee,LK,2022-10-10 20:57:35,8.5711,81.2335,77.36,87,47,8.08
314,Galesong,ID,2022-10-10 20:57:35,-5.3166,119.3661,75.22,82,97,3.24
315,Dharchula,IN,2022-10-10 20:57:36,29.85,80.5333,60.44,79,21,6.93
316,Galle,LK,2022-10-10 20:57:36,6.0367,80.217,77.4,87,94,6.67
317,Koumac,NC,2022-10-10 20:57:37,-20.5667,164.2833,77.49,66,99,5.86
318,Ankang,CN,2022-10-10 20:57:37,32.68,109.0172,46.81,78,2,0.87
319,Anadyr,RU,2022-10-10 20:57:38,64.75,177.4833,23.5,85,0,2.24
320,Banff,CA,2022-10-10 20:57:38,51.1762,-115.5698,67.23,33,84,14.97
321,Pangoa,PE,2022-10-10 20:57:38,-12.1167,-73.0,79.14,70,86,1.74
322,Labuhan,ID,2022-10-10 20:57:39,-6.8844,112.2051,78.33,86,98,8.81
323,Alamosa,US,2022-10-10 20:57:39,37.4695,-105.87,62.47,22,1,1.14
324,Hay River,CA,2022-10-10 20:57:40,60.8156,-115.7999,57.18,35,100,16.11
325,Sept-Iles,CA,2022-10-10 20:54:58,50.2001,-66.3821,46.92,62,75,9.22
326,Great Yarmouth,GB,2022-10-10 20:57:40,52.6083,1.7305,49.41,68,3,9.69
327,Dongsheng,CN,2022-10-10 20:57:41,39.8161,109.9776,37.29,26,29,7.25
328,Sao Joao Da Barra,BR,2022-10-10 20:57:41,-21.6403,-41.0511,80.69,84,9,7.4
329,Nalut,LY,2022-10-10 20:57:42,30.3333,10.85,78.39,23,67,7.52
330,Vardo,NO,2022-10-10 20:57:42,70.3705,31.1107,40.98,87,0,6.91
331,Takoradi,GH,2022-10-10 20:57:42,4.8845,-1.7554,77.13,87,55,7.67
332,Petropavlovsk-Kamchatskiy,RU,2022-10-10 20:57:43,53.0452,158.6483,32.59,80,75,0.0
333,Vidim,RU,2022-10-10 20:57:43,56.4088,103.1106,39.38,97,100,6.64
334,Matay,EG,2022-10-10 20:57:44,28.419,30.7792,73.92,52,0,18.01
335,Bintulu,MY,2022-10-10 20:57:44,3.1667,113.0333,75.61,100,20,2.3
336,Puerto Baquerizo Moreno,EC,2022-10-10 20:52:46,-0.9,-89.6,70.79,73,75,16.11
337,Yaan,NG,2022-10-10 20:57:45,7.3833,8.5667,75.33,87,43,4.68
338,Opuwo,NA,2022-10-10 20:57:45,-18.0607,13.84,69.98,49,7,6.04
339,Polyarnyy,RU,2022-10-10 20:57:45,69.1989,33.4478,39.2,90,46,8.48
340,Juegang,CN,2022-10-10 20:57:46,32.3174,121.1855,52.92,60,100,7.85
341,Pecanha,BR,2022-10-10 20:57:46,-18.5486,-42.5569,75.13,54,70,5.88
342,Bay Roberts,CA,2022-10-10 20:57:47,47.5999,-53.2648,52.14,66,6,4.0
343,Khandbari,NP,2022-10-10 20:57:47,27.3747,87.2039,67.59,90,100,0.74
344,Yarada,IN,2022-10-10 20:57:47,17.65,83.2667,79.12,100,75,2.3
345,Alta Floresta,BR,2022-10-10 20:57:48,-9.8756,-56.0861,69.84,98,98,6.71
346,Basqal,AZ,2022-10-10 20:57:48,40.7552,48.391,53.56,67,4,4.83
347,Gushikawa,JP,2022-10-10 20:57:49,26.3544,127.8686,72.63,56,100,19.64
348,Comodoro Rivadavia,AR,2022-10-10 20:57:49,-45.8667,-67.5,69.66,19,0,21.85
349,Mutata,CO,2022-10-10 20:57:50,7.2441,-76.4356,77.61,95,98,1.57
350,Webuye,KE,2022-10-10 20:57:50,0.6075,34.7697,59.7,89,57,3.24
351,Gwadar,PK,2022-10-10 20:57:51,25.1216,62.3254,80.22,45,0,7.92
352,Mangai,CD,2022-10-10 20:57:51,-4.05,19.5333,71.73,87,47,0.74
353,Provideniya,RU,2022-10-10 20:57:51,64.3833,-173.3,30.36,80,20,7.0
354,Mount Isa,AU,2022-10-10 20:57:52,-20.7333,139.5,55.17,58,2,0.0
355,Norilsk,RU,2022-10-10 20:57:52,69.3535,88.2027,36.43,99,100,5.95
356,Leshukonskoye,RU,2022-10-10 20:57:53,64.8989,45.7622,43.45,85,100,10.67
357,Urengoy,RU,2022-10-10 20:58:53,65.9667,78.3667,38.8,97,100,14.88
358,Manzhouli,CN,2022-10-10 20:58:54,49.6,117.4333,34.45,35,52,3.33
359,Luderitz,NA,2022-10-10 20:58:54,-26.6481,15.1594,60.31,87,43,1.23
360,Fujin,CN,2022-10-10 20:58:55,47.26,132.0322,39.6,52,100,15.46
361,Kerema,PG,2022-10-10 20:58:55,-7.9631,145.7785,77.74,83,100,3.58
362,Uige,AO,2022-10-10 20:58:56,-7.6087,15.0613,69.35,87,61,0.96
363,Cooma,AU,2022-10-10 20:58:56,-36.2333,149.1333,43.14,87,74,4.65
364,Price,US,2022-10-10 20:56:04,39.5994,-110.8107,73.11,19,12,4.0
365,Ulundi,ZA,2022-10-10 20:58:57,-28.3352,31.4162,67.69,91,100,2.91
366,Gejiu,CN,2022-10-10 20:58:58,23.306,103.1635,45.52,90,58,2.48
367,Mayo,US,2022-10-10 20:58:58,38.8876,-76.5119,70.52,51,0,3.0
368,Bonthe,SL,2022-10-10 20:58:58,7.5264,-12.505,77.58,90,14,6.49
369,Cananea,MX,2022-10-10 20:58:59,30.95,-110.3,65.53,47,69,3.51
370,Dillon,US,2022-10-10 20:58:59,34.4166,-79.3712,73.11,58,99,5.08
371,Malumfashi,NG,2022-10-10 20:59:00,11.7853,7.6218,76.53,39,1,5.73
372,Sioux Lookout,CA,2022-10-10 20:59:00,50.1001,-91.917,59.07,51,75,11.5
373,Carupano,VE,2022-10-10 20:59:01,10.6678,-63.2585,83.48,75,48,9.71
374,Ranong,TH,2022-10-10 20:59:01,9.9658,98.6348,75.94,88,100,2.48
375,Bowen,AU,2022-10-10 20:59:01,-20.0167,148.2333,75.16,74,89,18.14
376,Bocaiuva,BR,2022-10-10 20:55:11,-17.1078,-43.815,91.11,24,68,10.13
377,Axim,GH,2022-10-10 20:55:24,4.8699,-2.2405,76.98,87,70,7.07
378,Orlik,RU,2022-10-10 20:59:03,52.5178,99.825,33.87,93,100,2.95
379,Belaya Gora,RU,2022-10-10 20:59:04,68.5333,146.4167,16.07,89,72,7.85
380,Metro,ID,2022-10-10 20:59:05,-5.1131,105.3067,73.65,92,100,4.21
381,Sinnamary,GF,2022-10-10 20:59:05,5.3833,-52.95,81.64,82,26,11.16
382,Manthani,IN,2022-10-10 20:59:06,18.65,79.6667,73.9,97,100,3.78
383,Wanning,CN,2022-10-10 20:59:07,18.8003,110.3967,72.73,82,70,11.41
384,Middelburg,ZA,2022-10-10 20:59:07,-25.7751,29.4648,66.78,50,11,2.48
385,Matagami,CA,2022-10-10 20:59:08,49.7502,-77.6328,46.51,49,100,12.66
386,Kamenka,RU,2022-10-10 20:59:08,51.3223,42.7678,50.09,94,100,12.28
387,Makakilo City,US,2022-10-10 20:59:09,21.3469,-158.0858,85.44,62,17,3.4
388,Kutum,SD,2022-10-10 20:59:09,14.2,24.6667,79.29,24,55,9.17
389,North Bend,US,2022-10-10 20:55:01,43.4065,-124.2243,65.16,88,40,11.5
390,Gorontalo,ID,2022-10-10 20:59:10,0.5412,123.0595,74.05,94,81,2.39
391,Emerald,AU,2022-10-10 20:59:11,-23.5333,148.1667,65.34,76,91,13.31
392,Jiayuguan,CN,2022-10-10 20:59:11,39.8167,98.3,43.21,22,65,1.68
393,Compostela,PH,2022-10-10 20:59:12,7.6731,126.0889,74.75,94,100,0.54
394,Rocha,UY,2022-10-10 20:59:12,-34.4833,-54.3333,53.46,64,51,9.48
395,Waipawa,NZ,2022-10-10 20:59:13,-41.4122,175.5153,54.66,80,100,17.38
396,Athabasca,CA,2022-10-10 20:59:13,54.7169,-113.2854,59.41,32,100,16.78
397,Honningsvag,NO,2022-10-10 20:55:29,70.9821,25.9704,46.15,66,100,11.5
398,Dodola,ET,2022-10-10 20:59:14,6.9833,39.1833,49.59,90,33,2.46
399,Boma,GH,2022-10-10 20:59:14,7.0805,-2.1697,71.87,96,94,3.53
400,Kununurra,AU,2022-10-10 20:59:15,-15.7667,128.7333,75.18,78,9,1.14
401,Lavrentiya,RU,2022-10-10 20:56:19,65.5833,-171.0,26.69,60,2,7.94
402,Lodwar,KE,2022-10-10 20:59:16,3.1191,35.5973,84.99,33,1,15.9
403,Katherine,AU,2022-10-10 20:59:16,-14.4667,132.2667,73.72,56,16,4.61
404,Baykit,RU,2022-10-10 21:00:18,61.67,96.37,40.19,99,100,4.7
405,Umkomaas,ZA,2022-10-10 21:00:18,-30.2067,30.7978,70.68,91,65,15.3
406,Mkushi,ZM,2022-10-10 21:00:19,-13.6202,29.3939,71.58,30,59,9.13
407,Boa Vista,BR,2022-10-10 21:00:20,2.8197,-60.6733,89.17,51,43,9.19
408,Yantal,RU,2022-10-10 21:00:21,56.8471,105.2542,39.15,99,100,3.8
409,Chiang Mai,TH,2022-10-10 21:00:22,18.75,99.0,75.72,100,75,3.44
410,Ampanihy,MG,2022-10-10 21:00:22,-24.7,44.75,65.44,93,6,5.64
411,Manokwari,ID,2022-10-10 21:00:23,-0.8667,134.0833,79.03,74,100,2.17
412,Shimoda,JP,2022-10-10 21:00:24,34.6667,138.95,64.11,61,99,22.53
413,Corn Island,NI,2022-10-10 21:00:24,12.1694,-83.0418,83.23,77,99,11.86
414,Baikunthpur,IN,2022-10-10 21:00:25,23.25,82.55,70.81,90,74,2.1
415,Watsa,CD,2022-10-10 21:00:25,3.0372,29.5355,63.55,97,100,1.39
416,Berbera,SO,2022-10-10 21:00:26,10.4396,45.0143,84.56,71,1,6.2
417,Auki,SB,2022-10-10 21:00:27,-8.7676,160.7034,80.04,78,7,2.42
418,Glendive,US,2022-10-10 21:00:28,47.1053,-104.7125,72.48,29,0,8.05
419,Bealanana,MG,2022-10-10 21:00:28,-14.55,48.7333,57.47,85,86,3.6
420,Namatanai,PG,2022-10-10 21:00:29,-3.6667,152.4333,79.68,65,6,3.96
421,Novikovo,RU,2022-10-10 21:00:29,51.1537,37.8879,50.07,90,100,14.2
422,Goalpara,IN,2022-10-10 21:00:30,26.1667,90.6167,73.4,96,75,2.82
423,Niamey,NE,2022-10-10 20:58:28,13.5137,2.1098,86.29,58,11,4.61
424,Edeia,BR,2022-10-10 21:00:30,-17.3383,-49.9314,77.88,66,54,12.68
425,Nabire,ID,2022-10-10 21:00:31,-3.3667,135.4833,75.15,90,96,3.0
426,Mataram,ID,2022-10-10 21:00:32,-8.5833,116.1167,76.01,84,100,5.26
427,Buenos Aires,AR,2022-10-10 20:58:05,-34.6132,-58.3772,67.89,49,0,11.5
428,Camacha,PT,2022-10-10 21:00:33,33.0833,-16.3333,67.42,78,40,14.97
429,Gunupur,IN,2022-10-10 21:00:33,19.0833,83.8167,73.92,96,100,0.43
430,Tornio,FI,2022-10-10 21:00:35,65.8481,24.1466,48.22,88,100,22.01
431,Ler,SS,2022-10-10 21:00:35,8.3018,30.1418,70.38,90,6,1.48
432,Vung Tau,VN,2022-10-10 21:00:36,10.346,107.0843,79.77,79,100,5.19
433,Turukhansk,RU,2022-10-10 21:00:37,65.8167,87.9833,37.9,97,100,14.92
434,Tacna,PE,2022-10-10 21:00:38,-18.0056,-70.2483,65.17,56,48,9.22
435,Maloy,NO,2022-10-10 21:00:39,61.9353,5.1136,47.93,23,74,25.97
436,Iqaluit,CA,2022-10-10 21:00:15,63.7506,-68.5145,21.67,78,97,2.64
437,Sungaipenuh,ID,2022-10-10 21:00:40,-2.0833,101.3833,64.78,95,100,1.21
438,Hamilton,US,2022-10-10 21:00:29,39.1834,-84.5333,75.6,37,0,1.99
439,Napa,US,2022-10-10 21:00:03,38.4832,-122.3344,93.56,26,0,5.08
440,Kruisfontein,ZA,2022-10-10 21:00:41,-34.0033,24.7314,68.88,77,99,5.26
441,Dalnerechensk,RU,2022-10-10 21:00:41,45.9339,133.7225,45.63,94,100,16.13
442,Pangnirtung,CA,2022-10-10 21:00:43,66.1451,-65.7125,25.03,68,100,0.89
443,Dumas,US,2022-10-10 20:57:45,35.8656,-101.9732,70.61,49,0,9.22
444,Chapais,CA,2022-10-10 21:00:44,49.7834,-74.8492,34.72,86,100,10.0
445,Les Cayes,HT,2022-10-10 21:00:44,18.2,-73.75,84.36,69,27,8.28
446,Araripe,BR,2022-10-10 21:00:45,-7.2125,-40.0461,83.7,35,82,8.12
447,Tommot,RU,2022-10-10 21:00:45,58.9564,126.2925,30.85,97,100,6.13
448,Talaya,RU,2022-10-10 21:00:46,61.3833,152.75,-1.79,98,46,2.28
449,Scarborough,GB,2022-10-10 21:00:46,54.2797,-0.4044,47.77,80,34,3.0
450,Pemangkat,ID,2022-10-10 21:01:47,1.1667,108.9667,77.11,86,100,2.77
451,Hervey Bay,AU,2022-10-10 21:00:41,-25.2986,152.8535,67.01,76,84,10.0
452,Shingu,JP,2022-10-10 21:01:48,33.7333,135.9833,57.61,70,93,6.87
453,Huarmey,PE,2022-10-10 21:01:48,-10.0681,-78.1522,67.03,75,19,11.74
454,Beringovskiy,RU,2022-10-10 21:01:49,63.05,179.3167,32.09,61,31,10.22
455,Ewa Beach,US,2022-10-10 21:01:49,21.3156,-158.0072,86.02,64,13,4.16
456,Todos Santos,MX,2022-10-10 21:01:50,23.45,-110.2167,92.3,77,0,13.51
457,San Cristobal,VE,2022-10-10 21:01:50,7.7669,-72.225,77.77,59,100,5.86
458,Talcahuano,CL,2022-10-10 21:01:50,-36.7167,-73.1167,56.1,67,2,13.98
459,Puqi,CN,2022-10-10 21:01:51,29.7167,113.8833,51.35,48,87,2.98
460,Lebork,PL,2022-10-10 21:01:52,54.5392,17.7501,53.92,75,100,12.19
461,Harper,LR,2022-10-10 21:01:52,4.375,-7.7169,76.77,89,83,5.39
462,Mantua,IT,2022-10-10 20:58:46,45.1667,10.7833,62.1,80,94,1.01
463,Vad,RU,2022-10-10 21:01:53,55.5301,44.2114,50.22,94,100,9.13
464,Southbridge,US,2022-10-10 21:01:53,42.0751,-72.0334,63.66,75,77,4.0
465,Da Nang,VN,2022-10-10 21:00:58,16.0678,108.2208,78.78,83,75,4.61
466,Pauini,BR,2022-10-10 21:01:54,-7.7136,-66.9764,92.19,42,74,2.89
467,Inhambane,MZ,2022-10-10 21:01:54,-23.865,35.3833,72.64,89,1,6.64
468,Santa Luzia,BR,2022-10-10 21:01:54,-19.7697,-43.8514,78.66,44,56,9.78
469,Tchollire,CM,2022-10-10 21:01:55,8.4022,14.1698,71.38,93,72,3.11
470,Zaozhuang,CN,2022-10-10 21:01:55,34.8647,117.5542,45.18,39,0,0.92
471,Jega,NG,2022-10-10 21:01:56,12.2175,4.3792,83.98,55,7,7.27
472,Tura,IN,2022-10-10 21:01:56,25.5198,90.2201,71.46,96,94,3.91
473,Yangambi,CD,2022-10-10 21:01:57,0.8102,24.4336,70.14,97,100,2.75
474,Marang,MY,2022-10-10 21:01:57,5.2056,103.2059,81.97,83,92,2.15
475,Kurkino,RU,2022-10-10 21:01:58,53.4257,38.6582,46.92,86,100,15.9
476,Samarai,PG,2022-10-10 21:01:58,-10.6167,150.6667,81.45,77,37,10.33
477,Ochamchira,GE,2022-10-10 21:01:59,42.7121,41.4721,61.2,82,69,7.02
478,Yunyang,CN,2022-10-10 21:01:59,33.4474,112.7142,48.69,50,5,1.23
479,Muriwai Beach,NZ,2022-10-10 21:01:59,-36.8167,174.45,65.43,68,18,5.66
480,San Jeronimo,PE,2022-10-10 21:02:00,-11.9472,-75.2829,61.45,52,76,7.16
481,Mataro,ES,2022-10-10 21:02:01,41.5421,2.4445,69.46,84,100,5.59
482,Kieta,PG,2022-10-10 21:02:01,-6.2167,155.6333,81.28,73,17,2.35
483,Olinda,BR,2022-10-10 20:58:20,-8.0089,-34.8553,80.33,69,20,13.8
484,Mpika,ZM,2022-10-10 21:02:02,-11.8343,31.4529,65.71,38,72,6.42
485,Mega,ET,2022-10-10 21:02:03,4.05,38.3,65.75,48,78,14.09
486,Pimentel,PE,2022-10-10 21:02:03,-6.8367,-79.9342,65.21,78,32,14.97
487,Isla Mujeres,MX,2022-10-10 21:02:04,21.2311,-86.731,82.45,72,100,8.81
488,Arkhangelsk,RU,2022-10-10 21:02:05,64.5401,40.5433,46.51,81,75,6.71
489,Melo,UY,2022-10-10 21:02:05,-32.3667,-54.1833,55.22,69,25,11.77
490,Tyristrand,NO,2022-10-10 21:02:06,60.0837,10.0966,45.54,93,49,3.76
491,Kidderminster,GB,2022-10-10 21:01:30,52.3882,-2.25,48.38,87,47,3.0
492,Roma,US,2022-10-10 20:57:42,43.2128,-75.4557,58.82,61,35,5.01
493,Areosa,PT,2022-10-10 21:02:07,41.7178,-8.8571,63.32,92,39,7.49
494,Barreiras,BR,2022-10-10 21:02:07,-12.1528,-44.99,88.88,21,22,7.23
495,Yamaga,JP,2022-10-10 21:02:08,33.0167,130.6833,59.85,64,93,3.78
496,Ilulissat,GL,2022-10-10 21:02:09,69.2167,-51.1,26.62,63,75,5.75
497,Olafsvik,IS,2022-10-10 21:03:09,64.8945,-23.7142,38.66,65,98,14.63
498,Guadalupe Y Calvo,MX,2022-10-10 21:03:10,26.1,-106.9667,67.05,31,6,10.18
499,Katobu,ID,2022-10-10 21:03:11,-4.9408,122.5276,74.32,93,82,1.5
500,Xiaoweizhai,CN,2022-10-10 21:03:11,26.1903,107.5125,53.1,68,100,3.42
501,Dicabisagan,PH,2022-10-10 21:03:12,17.0818,122.4157,77.43,92,100,8.79
502,Sao Jose Dos Pinhais,BR,2022-10-10 21:03:12,-25.5347,-49.2064,57.25,91,100,9.22
503,Hokitika,NZ,2022-10-10 21:03:13,-42.7167,170.9667,52.59,83,95,3.49
504,Roald,NO,2022-10-10 21:03:14,62.5833,6.1333,50.76,66,75,23.02
505,Yerbogachen,RU,2022-10-10 21:03:14,61.2767,108.0108,33.12,95,100,5.48
506,Vysokogornyy,RU,2022-10-10 21:03:14,50.1167,139.15,38.8,98,100,8.88
507,Bogo,PH,2022-10-10 21:03:15,11.0517,124.0055,79.18,83,80,7.43
508,Boyolangu,ID,2022-10-10 21:03:15,-8.1181,111.8935,75.58,92,100,3.42
509,Saint-Augustin,CA,2022-10-10 21:03:16,51.226,-58.6502,43.03,49,98,12.12
510,Aswan,EG,2022-10-10 21:03:16,24.0934,32.907,79.57,29,0,14.14
511,Yatou,CN,2022-10-10 21:03:17,37.15,122.3833,49.69,69,3,7.23
512,Kayerkan,RU,2022-10-10 21:03:17,69.3497,87.7602,34.83,98,100,7.16
513,Caravelas,BR,2022-10-10 21:03:18,-17.7125,-39.2481,75.83,80,55,7.83
514,Yazoo City,US,2022-10-10 21:03:18,32.8551,-90.4056,78.71,34,0,3.42
515,Poronaysk,RU,2022-10-10 21:03:19,49.2167,143.1167,49.44,96,100,20.0
516,Knysna,ZA,2022-10-10 21:03:19,-34.0363,23.0471,70.25,60,100,6.22
517,Nivala,FI,2022-10-10 21:03:20,63.9167,24.9667,49.68,73,100,12.62
518,Suhbaatar,MN,2022-10-10 21:03:21,50.2314,106.2078,35.01,51,100,2.28
519,Sterling,US,2022-10-10 21:03:18,39.0062,-77.4286,70.9,41,0,6.91
520,Shiyan,CN,2022-10-10 21:03:21,32.6475,110.7781,47.95,70,21,2.33
521,Kavaratti,IN,2022-10-10 21:03:22,10.5669,72.642,80.49,79,95,10.42
522,Esso,RU,2022-10-10 21:03:23,55.9333,158.7,22.71,92,75,3.42
523,Vila Franca Do Campo,PT,2022-10-10 21:03:23,37.7167,-25.4333,75.2,92,29,4.05
524,Mikhaylovka,RU,2022-10-10 21:03:24,50.06,43.2379,52.79,95,100,6.06
525,Khash,IR,2022-10-10 21:03:24,28.2211,61.2158,58.1,13,0,2.28
526,Hoi An,VN,2022-10-10 21:03:25,15.8794,108.335,78.76,83,99,15.26
527,De Land,US,2022-10-10 21:03:25,29.0283,-81.3031,87.98,73,40,11.5
528,Ipira,BR,2022-10-10 21:03:26,-12.1583,-39.7372,78.3,56,8,21.47
529,Tekeli,KZ,2022-10-10 21:03:26,44.83,78.8239,35.17,49,0,6.08
530,Ketchikan,US,2022-10-10 21:03:27,55.3422,-131.6461,55.87,54,20,9.22
531,Evensk,RU,2022-10-10 21:03:28,61.95,159.2333,24.03,76,100,5.28
532,Deputatskiy,RU,2022-10-10 21:03:28,69.3,139.9,2.66,96,62,6.87
533,Santa Isabel,BR,2022-10-10 21:03:17,-23.3156,-46.2214,67.71,96,100,2.98
534,Morant Bay,JM,2022-10-10 21:03:29,17.8815,-76.4093,86.7,74,90,9.71
535,Stutterheim,ZA,2022-10-10 21:03:29,-32.5708,27.424,63.79,75,100,1.28
536,Rensvik,NO,2022-10-10 21:03:30,63.1,7.8167,46.06,81,75,13.8
537,Mayskiy,RU,2022-10-10 21:03:31,47.6931,40.1025,51.21,87,72,12.08
538,Bartica,GY,2022-10-10 21:03:31,6.4,-58.6167,84.52,72,89,4.97
539,Korla,CN,2022-10-10 21:03:31,41.7597,86.1469,58.66,25,80,13.53
540,Rudbar,AF,2022-10-10 21:03:32,30.15,62.6,65.8,13,0,3.38
541,Wanaka,NZ,2022-10-10 21:03:32,-44.7,169.15,46.71,90,87,3.78
542,Ishigaki,JP,2022-10-10 21:03:33,24.3448,124.1572,74.88,71,100,29.57
543,Carmen,MX,2022-10-10 21:02:21,18.6333,-91.8333,84.24,74,75,10.36
544,Tombouctou,ML,2022-10-10 21:04:33,20.0,-3.0,91.83,15,21,4.63
545,Longview,US,2022-10-10 21:04:34,32.5007,-94.7405,88.05,32,0,10.36
546,Palasa,IN,2022-10-10 21:04:34,18.7667,84.4167,75.97,88,90,3.04
547,Sohag,EG,2022-10-10 21:04:35,26.557,31.6948,75.31,44,0,10.49
548,Skvyra,UA,2022-10-10 21:04:35,49.7318,29.6657,42.17,81,1,6.35
549,Pangai,TO,2022-10-10 21:04:35,-19.8,-174.35,76.64,79,8,19.06
550,Wanxian,CN,2022-10-10 21:04:36,30.8039,108.3897,58.35,77,4,1.66
551,Yeppoon,AU,2022-10-10 21:04:36,-23.1333,150.7333,64.18,81,97,18.05
552,Shasta Lake,US,2022-10-10 21:04:37,40.6804,-122.3708,95.76,17,0,4.36
553,San Luis,AR,2022-10-10 21:04:37,-33.295,-66.3356,68.07,16,28,9.62
554,Newport,GB,2022-10-10 21:00:04,51.5877,-2.9984,53.46,76,38,6.31
555,Buarcos,PT,2022-10-10 21:04:37,40.166,-8.8768,65.66,93,11,4.74
556,San Patricio,US,2022-10-10 21:04:38,28.017,-97.5169,87.89,47,89,14.88
557,Inyonga,TZ,2022-10-10 21:04:38,-6.7167,32.0667,74.43,38,98,4.0
558,Lipin Bor,RU,2022-10-10 21:04:39,60.2622,37.9763,43.52,84,18,9.73
559,Kinsale,IE,2022-10-10 21:04:39,51.7075,-8.5306,51.17,71,40,4.61
560,Himare,AL,2022-10-10 21:04:40,40.1017,19.7447,68.13,78,100,12.37
561,Mul,IN,2022-10-10 21:04:40,20.0667,79.6667,73.35,97,100,3.94
562,Barquisimeto,VE,2022-10-10 21:04:40,10.0739,-69.3228,79.88,66,60,10.0
563,Morro Bay,US,2022-10-10 21:01:22,35.3658,-120.8499,89.73,39,52,8.01
564,Richards Bay,ZA,2022-10-10 21:02:02,-28.783,32.0377,70.25,93,100,7.92
565,Nemuro,JP,2022-10-10 21:04:41,43.3236,145.575,59.68,88,100,14.16
566,Tilichiki,RU,2022-10-10 21:04:42,60.4667,166.1,33.28,67,97,5.59
567,Pentecoste,BR,2022-10-10 21:04:42,-3.7928,-39.2703,83.25,47,42,10.76
568,Rio Claro,BR,2022-10-10 21:04:42,-22.4114,-47.5614,70.74,77,100,3.91
569,Sovetskaya,RU,2022-10-10 21:04:43,44.7769,41.1722,53.22,72,72,18.57
570,Thabazimbi,ZA,2022-10-10 21:04:43,-24.5917,27.4116,76.21,33,3,8.77
571,Chitapur,IN,2022-10-10 21:04:02,17.1167,77.0833,73.45,92,100,5.91
572,Pamplona,ES,2022-10-10 21:04:44,42.8169,-1.6432,64.98,82,20,4.61
573,Baculin,PH,2022-10-10 21:04:44,7.4525,126.5842,77.63,84,98,3.44
